{
  "session_duration_s": 0.0009679000067990273,
  "speech_translation": {
    "mode": "text_only_mock",
    "attempted_cycles": 3,
    "successful_cycles": 3,
    "success_rate": 1.0,
    "translations_per_minute": 185969.62365491007,
    "latency_s": {
      "record_time_s": {
        "avg": 0.0,
        "min": 0.0,
        "max": 0.0,
        "std": 0.0
      },
      "stt_time_s": {
        "avg": 0.0,
        "min": 0.0,
        "max": 0.0,
        "std": 0.0
      },
      "translation_time_s": {
        "avg": 3.3333102085938055e-07,
        "min": 2.00001522898674e-07,
        "max": 4.00003045797348e-07,
        "std": 9.427819232738856e-08
      },
      "tts_time_s": {
        "avg": 3.6666460800915956e-07,
        "min": 2.9998773243278265e-07,
        "max": 4.00003045797348e-07,
        "std": 4.7147670868387806e-08
      },
      "cycle_total_time_s": {
        "avg": 0.0003213333305514728,
        "min": 2.5600005756132305e-05,
        "max": 0.0009012999944388866,
        "std": 0.000410125233583854
      }
    },
    "text_volume": {
      "avg_input_words": 18.0,
      "avg_output_words": 18.0,
      "avg_input_chars": 110.0,
      "avg_output_chars": 110.0
    },
    "resources": {
      "psutil_available": true,
      "avg_rss_memory_mb": 30.345052083333332,
      "peak_rss_memory_mb": 30.34765625,
      "avg_cpu_percent": 0.0
    }
  }
}
